﻿{"version":1,"keyboard":{"keys":[{"id":0,"legend":"esc","state":{"x":1,"y":0,"r":0,"rx":0,"ry":0,"w":1,"h":1,"x2":0,"y2":0,"w2":0,"h2":0},"row":0,"col":0,"keycodes":[{"id":"KC_ESC","fields":[]},{"id":"KC_TRNS","fields":[]},{"id":"KC_TRNS","fields":[]},{"id":"KC_TRNS","fields":[]},{"id":"KC_TRNS","fields":[]},{"id":"KC_TRNS","fields":[]},{"id":"KC_TRNS","fields":[]},{"id":"KC_TRNS","fields":[]},{"id":"KC_TRNS","fields":[]},{"id":"KC_TRNS","fields":[]},{"id":"KC_TRNS","fields":[]},{"id":"KC_TRNS","fields":[]},{"id":"KC_TRNS","fields":[]},{"id":"KC_TRNS","fields":[]},{"id":"KC_TRNS","fields":[]},{"id":"KC_TRNS","fields":[]}]},{"id":1,"legend":"f1","state":{"x":2,"y":0,"r":0,"rx":0,"ry":0,"w":1,"h":1,"x2":0,"y2":0,"w2":0,"h2":0},"row":0,"col":1,"keycodes":[{"id":"KC_F1","fields":[]},{"id":"KC_TRNS","fields":[]},{"id":"KC_TRNS","fields":[]},{"id":"KC_TRNS","fields":[]},{"id":"KC_TRNS","fields":[]},{"id":"KC_TRNS","fields":[]},{"id":"KC_TRNS","fields":[]},{"id":"KC_TRNS","fields":[]},{"id":"KC_TRNS","fields":[]},{"id":"KC_TRNS","fields":[]},{"id":"KC_TRNS","fields":[]},{"id":"KC_TRNS","fields":[]},{"id":"KC_TRNS","fields":[]},{"id":"KC_TRNS","fields":[]},{"id":"KC_TRNS","fields":[]},{"id":"KC_TRNS","fields":[]}]},{"id":2,"legend":"f2","state":{"x":3,"y":0,"r":0,"rx":0,"ry":0,"w":1,"h":1,"x2":0,"y2":0,"w2":0,"h2":0},"row":0,"col":2,"keycodes":[{"id":"KC_F2","fields":[]},{"id":"KC_TRNS","fields":[]},{"id":"KC_TRNS","fields":[]},{"id":"KC_TRNS","fields":[]},{"id":"KC_TRNS","fields":[]},{"id":"KC_TRNS","fields":[]},{"id":"KC_TRNS","fields":[]},{"id":"KC_TRNS","fields":[]},{"id":"KC_TRNS","fields":[]},{"id":"KC_TRNS","fields":[]},{"id":"KC_TRNS","fields":[]},{"id":"KC_TRNS","fields":[]},{"id":"KC_TRNS","fields":[]},{"id":"KC_TRNS","fields":[]},{"id":"KC_TRNS","fields":[]},{"id":"KC_TRNS","fields":[]}]},{"id":3,"legend":"f3","state":{"x":4,"y":0,"r":0,"rx":0,"ry":0,"w":1,"h":1,"x2":0,"y2":0,"w2":0,"h2":0},"row":0,"col":3,"keycodes":[{"id":"KC_F3","fields":[]},{"id":"KC_TRNS","fields":[]},{"id":"KC_TRNS","fields":[]},{"id":"KC_TRNS","fields":[]},{"id":"KC_TRNS","fields":[]},{"id":"KC_TRNS","fields":[]},{"id":"KC_TRNS","fields":[]},{"id":"KC_TRNS","fields":[]},{"id":"KC_TRNS","fields":[]},{"id":"KC_TRNS","fields":[]},{"id":"KC_TRNS","fields":[]},{"id":"KC_TRNS","fields":[]},{"id":"KC_TRNS","fields":[]},{"id":"KC_TRNS","fields":[]},{"id":"KC_TRNS","fields":[]},{"id":"KC_TRNS","fields":[]}]},{"id":4,"legend":"f4","state":{"x":5,"y":0,"r":0,"rx":0,"ry":0,"w":1,"h":1,"x2":0,"y2":0,"w2":0,"h2":0},"row":0,"col":4,"keycodes":[{"id":"KC_F4","fields":[]},{"id":"KC_TRNS","fields":[]},{"id":"KC_TRNS","fields":[]},{"id":"KC_TRNS","fields":[]},{"id":"KC_TRNS","fields":[]},{"id":"KC_TRNS","fields":[]},{"id":"KC_TRNS","fields":[]},{"id":"KC_TRNS","fields":[]},{"id":"KC_TRNS","fields":[]},{"id":"KC_TRNS","fields":[]},{"id":"KC_TRNS","fields":[]},{"id":"KC_TRNS","fields":[]},{"id":"KC_TRNS","fields":[]},{"id":"KC_TRNS","fields":[]},{"id":"KC_TRNS","fields":[]},{"id":"KC_TRNS","fields":[]}]},{"id":5,"legend":"f5","state":{"x":6,"y":0,"r":0,"rx":0,"ry":0,"w":1,"h":1,"x2":0,"y2":0,"w2":0,"h2":0},"row":0,"col":5,"keycodes":[{"id":"KC_F5","fields":[]},{"id":"KC_TRNS","fields":[]},{"id":"KC_TRNS","fields":[]},{"id":"KC_TRNS","fields":[]},{"id":"KC_TRNS","fields":[]},{"id":"KC_TRNS","fields":[]},{"id":"KC_TRNS","fields":[]},{"id":"KC_TRNS","fields":[]},{"id":"KC_TRNS","fields":[]},{"id":"KC_TRNS","fields":[]},{"id":"KC_TRNS","fields":[]},{"id":"KC_TRNS","fields":[]},{"id":"KC_TRNS","fields":[]},{"id":"KC_TRNS","fields":[]},{"id":"KC_TRNS","fields":[]},{"id":"KC_TRNS","fields":[]}]},{"id":6,"legend":"f6","state":{"x":7,"y":0,"r":0,"rx":0,"ry":0,"w":1,"h":1,"x2":0,"y2":0,"w2":0,"h2":0},"row":0,"col":6,"keycodes":[{"id":"KC_F6","fields":[]},{"id":"KC_TRNS","fields":[]},{"id":"KC_TRNS","fields":[]},{"id":"KC_TRNS","fields":[]},{"id":"KC_TRNS","fields":[]},{"id":"KC_TRNS","fields":[]},{"id":"KC_TRNS","fields":[]},{"id":"KC_TRNS","fields":[]},{"id":"KC_TRNS","fields":[]},{"id":"KC_TRNS","fields":[]},{"id":"KC_TRNS","fields":[]},{"id":"KC_TRNS","fields":[]},{"id":"KC_TRNS","fields":[]},{"id":"KC_TRNS","fields":[]},{"id":"KC_TRNS","fields":[]},{"id":"KC_TRNS","fields":[]}]},{"id":7,"legend":"f7","state":{"x":8,"y":0,"r":0,"rx":0,"ry":0,"w":1,"h":1,"x2":0,"y2":0,"w2":0,"h2":0},"row":0,"col":7,"keycodes":[{"id":"KC_F7","fields":[]},{"id":"KC_TRNS","fields":[]},{"id":"KC_TRNS","fields":[]},{"id":"KC_TRNS","fields":[]},{"id":"KC_TRNS","fields":[]},{"id":"KC_TRNS","fields":[]},{"id":"KC_TRNS","fields":[]},{"id":"KC_TRNS","fields":[]},{"id":"KC_TRNS","fields":[]},{"id":"KC_TRNS","fields":[]},{"id":"KC_TRNS","fields":[]},{"id":"KC_TRNS","fields":[]},{"id":"KC_TRNS","fields":[]},{"id":"KC_TRNS","fields":[]},{"id":"KC_TRNS","fields":[]},{"id":"KC_TRNS","fields":[]}]},{"id":8,"legend":"f8","state":{"x":9,"y":0,"r":0,"rx":0,"ry":0,"w":1,"h":1,"x2":0,"y2":0,"w2":0,"h2":0},"row":0,"col":8,"keycodes":[{"id":"KC_F8","fields":[]},{"id":"KC_TRNS","fields":[]},{"id":"KC_TRNS","fields":[]},{"id":"KC_TRNS","fields":[]},{"id":"KC_TRNS","fields":[]},{"id":"KC_TRNS","fields":[]},{"id":"KC_TRNS","fields":[]},{"id":"KC_TRNS","fields":[]},{"id":"KC_TRNS","fields":[]},{"id":"KC_TRNS","fields":[]},{"id":"KC_TRNS","fields":[]},{"id":"KC_TRNS","fields":[]},{"id":"KC_TRNS","fields":[]},{"id":"KC_TRNS","fields":[]},{"id":"KC_TRNS","fields":[]},{"id":"KC_TRNS","fields":[]}]},{"id":9,"legend":"f9","state":{"x":10,"y":0,"r":0,"rx":0,"ry":0,"w":1,"h":1,"x2":0,"y2":0,"w2":0,"h2":0},"row":0,"col":9,"keycodes":[{"id":"KC_F9","fields":[]},{"id":"KC_TRNS","fields":[]},{"id":"KC_TRNS","fields":[]},{"id":"KC_TRNS","fields":[]},{"id":"KC_TRNS","fields":[]},{"id":"KC_TRNS","fields":[]},{"id":"KC_TRNS","fields":[]},{"id":"KC_TRNS","fields":[]},{"id":"KC_TRNS","fields":[]},{"id":"KC_TRNS","fields":[]},{"id":"KC_TRNS","fields":[]},{"id":"KC_TRNS","fields":[]},{"id":"KC_TRNS","fields":[]},{"id":"KC_TRNS","fields":[]},{"id":"KC_TRNS","fields":[]},{"id":"KC_TRNS","fields":[]}]},{"id":10,"legend":"f10","state":{"x":11,"y":0,"r":0,"rx":0,"ry":0,"w":1,"h":1,"x2":0,"y2":0,"w2":0,"h2":0},"row":0,"col":10,"keycodes":[{"id":"KC_F10","fields":[]},{"id":"KC_TRNS","fields":[]},{"id":"KC_TRNS","fields":[]},{"id":"KC_TRNS","fields":[]},{"id":"KC_TRNS","fields":[]},{"id":"KC_TRNS","fields":[]},{"id":"KC_TRNS","fields":[]},{"id":"KC_TRNS","fields":[]},{"id":"KC_TRNS","fields":[]},{"id":"KC_TRNS","fields":[]},{"id":"KC_TRNS","fields":[]},{"id":"KC_TRNS","fields":[]},{"id":"KC_TRNS","fields":[]},{"id":"KC_TRNS","fields":[]},{"id":"KC_TRNS","fields":[]},{"id":"KC_TRNS","fields":[]}]},{"id":11,"legend":"f11","state":{"x":12,"y":0,"r":0,"rx":0,"ry":0,"w":1,"h":1,"x2":0,"y2":0,"w2":0,"h2":0},"row":0,"col":11,"keycodes":[{"id":"KC_F11","fields":[]},{"id":"KC_TRNS","fields":[]},{"id":"KC_TRNS","fields":[]},{"id":"KC_TRNS","fields":[]},{"id":"KC_TRNS","fields":[]},{"id":"KC_TRNS","fields":[]},{"id":"KC_TRNS","fields":[]},{"id":"KC_TRNS","fields":[]},{"id":"KC_TRNS","fields":[]},{"id":"KC_TRNS","fields":[]},{"id":"KC_TRNS","fields":[]},{"id":"KC_TRNS","fields":[]},{"id":"KC_TRNS","fields":[]},{"id":"KC_TRNS","fields":[]},{"id":"KC_TRNS","fields":[]},{"id":"KC_TRNS","fields":[]}]},{"id":12,"legend":"f12","state":{"x":13,"y":0,"r":0,"rx":0,"ry":0,"w":1,"h":1,"x2":0,"y2":0,"w2":0,"h2":0},"row":0,"col":12,"keycodes":[{"id":"KC_F12","fields":[]},{"id":"KC_TRNS","fields":[]},{"id":"KC_TRNS","fields":[]},{"id":"KC_TRNS","fields":[]},{"id":"KC_TRNS","fields":[]},{"id":"KC_TRNS","fields":[]},{"id":"KC_TRNS","fields":[]},{"id":"KC_TRNS","fields":[]},{"id":"KC_TRNS","fields":[]},{"id":"KC_TRNS","fields":[]},{"id":"KC_TRNS","fields":[]},{"id":"KC_TRNS","fields":[]},{"id":"KC_TRNS","fields":[]},{"id":"KC_TRNS","fields":[]},{"id":"KC_TRNS","fields":[]},{"id":"KC_TRNS","fields":[]}]},{"id":13,"legend":"prtscr","state":{"x":14,"y":0,"r":0,"rx":0,"ry":0,"w":1,"h":1,"x2":0,"y2":0,"w2":0,"h2":0},"row":0,"col":13,"keycodes":[{"id":"KC_PSCR","fields":[]},{"id":"KC_TRNS","fields":[]},{"id":"KC_TRNS","fields":[]},{"id":"KC_TRNS","fields":[]},{"id":"KC_TRNS","fields":[]},{"id":"KC_TRNS","fields":[]},{"id":"KC_TRNS","fields":[]},{"id":"KC_TRNS","fields":[]},{"id":"KC_TRNS","fields":[]},{"id":"KC_TRNS","fields":[]},{"id":"KC_TRNS","fields":[]},{"id":"KC_TRNS","fields":[]},{"id":"KC_TRNS","fields":[]},{"id":"KC_TRNS","fields":[]},{"id":"KC_TRNS","fields":[]},{"id":"KC_TRNS","fields":[]}]},{"id":14,"legend":"del","state":{"x":15,"y":0,"r":0,"rx":0,"ry":0,"w":1,"h":1,"x2":0,"y2":0,"w2":0,"h2":0},"row":0,"col":14,"keycodes":[{"id":"KC_DEL","fields":[]},{"id":"KC_TRNS","fields":[]},{"id":"KC_TRNS","fields":[]},{"id":"KC_TRNS","fields":[]},{"id":"KC_TRNS","fields":[]},{"id":"KC_TRNS","fields":[]},{"id":"KC_TRNS","fields":[]},{"id":"KC_TRNS","fields":[]},{"id":"KC_TRNS","fields":[]},{"id":"KC_TRNS","fields":[]},{"id":"KC_TRNS","fields":[]},{"id":"KC_TRNS","fields":[]},{"id":"KC_TRNS","fields":[]},{"id":"KC_TRNS","fields":[]},{"id":"KC_TRNS","fields":[]},{"id":"KC_TRNS","fields":[]}]},{"id":15,"legend":"`\n~","state":{"x":1,"y":1,"r":0,"rx":0,"ry":0,"w":1,"h":1,"x2":0,"y2":0,"w2":0,"h2":0},"row":1,"col":0,"keycodes":[{"id":"KC_TILD","fields":[]},{"id":"KC_TRNS","fields":[]},{"id":"KC_TRNS","fields":[]},{"id":"KC_TRNS","fields":[]},{"id":"KC_TRNS","fields":[]},{"id":"KC_TRNS","fields":[]},{"id":"KC_TRNS","fields":[]},{"id":"KC_TRNS","fields":[]},{"id":"KC_TRNS","fields":[]},{"id":"KC_TRNS","fields":[]},{"id":"KC_TRNS","fields":[]},{"id":"KC_TRNS","fields":[]},{"id":"KC_TRNS","fields":[]},{"id":"KC_TRNS","fields":[]},{"id":"KC_TRNS","fields":[]},{"id":"KC_TRNS","fields":[]}]},{"id":16,"legend":"1","state":{"x":2,"y":1,"r":0,"rx":0,"ry":0,"w":1,"h":1,"x2":0,"y2":0,"w2":0,"h2":0},"row":1,"col":1,"keycodes":[{"id":"KC_1","fields":[]},{"id":"KC_TRNS","fields":[]},{"id":"KC_TRNS","fields":[]},{"id":"KC_TRNS","fields":[]},{"id":"KC_TRNS","fields":[]},{"id":"KC_TRNS","fields":[]},{"id":"KC_TRNS","fields":[]},{"id":"KC_TRNS","fields":[]},{"id":"KC_TRNS","fields":[]},{"id":"KC_TRNS","fields":[]},{"id":"KC_TRNS","fields":[]},{"id":"KC_TRNS","fields":[]},{"id":"KC_TRNS","fields":[]},{"id":"KC_TRNS","fields":[]},{"id":"KC_TRNS","fields":[]},{"id":"KC_TRNS","fields":[]}]},{"id":17,"legend":"2","state":{"x":3,"y":1,"r":0,"rx":0,"ry":0,"w":1,"h":1,"x2":0,"y2":0,"w2":0,"h2":0},"row":1,"col":2,"keycodes":[{"id":"KC_2","fields":[]},{"id":"KC_TRNS","fields":[]},{"id":"KC_TRNS","fields":[]},{"id":"KC_TRNS","fields":[]},{"id":"KC_TRNS","fields":[]},{"id":"KC_TRNS","fields":[]},{"id":"KC_TRNS","fields":[]},{"id":"KC_TRNS","fields":[]},{"id":"KC_TRNS","fields":[]},{"id":"KC_TRNS","fields":[]},{"id":"KC_TRNS","fields":[]},{"id":"KC_TRNS","fields":[]},{"id":"KC_TRNS","fields":[]},{"id":"KC_TRNS","fields":[]},{"id":"KC_TRNS","fields":[]},{"id":"KC_TRNS","fields":[]}]},{"id":18,"legend":"3","state":{"x":4,"y":1,"r":0,"rx":0,"ry":0,"w":1,"h":1,"x2":0,"y2":0,"w2":0,"h2":0},"row":1,"col":3,"keycodes":[{"id":"KC_3","fields":[]},{"id":"KC_TRNS","fields":[]},{"id":"KC_TRNS","fields":[]},{"id":"KC_TRNS","fields":[]},{"id":"KC_TRNS","fields":[]},{"id":"KC_TRNS","fields":[]},{"id":"KC_TRNS","fields":[]},{"id":"KC_TRNS","fields":[]},{"id":"KC_TRNS","fields":[]},{"id":"KC_TRNS","fields":[]},{"id":"KC_TRNS","fields":[]},{"id":"KC_TRNS","fields":[]},{"id":"KC_TRNS","fields":[]},{"id":"KC_TRNS","fields":[]},{"id":"KC_TRNS","fields":[]},{"id":"KC_TRNS","fields":[]}]},{"id":19,"legend":"4","state":{"x":5,"y":1,"r":0,"rx":0,"ry":0,"w":1,"h":1,"x2":0,"y2":0,"w2":0,"h2":0},"row":1,"col":4,"keycodes":[{"id":"KC_4","fields":[]},{"id":"KC_TRNS","fields":[]},{"id":"KC_TRNS","fields":[]},{"id":"KC_TRNS","fields":[]},{"id":"KC_TRNS","fields":[]},{"id":"KC_TRNS","fields":[]},{"id":"KC_TRNS","fields":[]},{"id":"KC_TRNS","fields":[]},{"id":"KC_TRNS","fields":[]},{"id":"KC_TRNS","fields":[]},{"id":"KC_TRNS","fields":[]},{"id":"KC_TRNS","fields":[]},{"id":"KC_TRNS","fields":[]},{"id":"KC_TRNS","fields":[]},{"id":"KC_TRNS","fields":[]},{"id":"KC_TRNS","fields":[]}]},{"id":20,"legend":"5","state":{"x":6,"y":1,"r":0,"rx":0,"ry":0,"w":1,"h":1,"x2":0,"y2":0,"w2":0,"h2":0},"row":1,"col":5,"keycodes":[{"id":"KC_5","fields":[]},{"id":"KC_TRNS","fields":[]},{"id":"KC_TRNS","fields":[]},{"id":"KC_TRNS","fields":[]},{"id":"KC_TRNS","fields":[]},{"id":"KC_TRNS","fields":[]},{"id":"KC_TRNS","fields":[]},{"id":"KC_TRNS","fields":[]},{"id":"KC_TRNS","fields":[]},{"id":"KC_TRNS","fields":[]},{"id":"KC_TRNS","fields":[]},{"id":"KC_TRNS","fields":[]},{"id":"KC_TRNS","fields":[]},{"id":"KC_TRNS","fields":[]},{"id":"KC_TRNS","fields":[]},{"id":"KC_TRNS","fields":[]}]},{"id":21,"legend":"6","state":{"x":7,"y":1,"r":0,"rx":0,"ry":0,"w":1,"h":1,"x2":0,"y2":0,"w2":0,"h2":0},"row":1,"col":6,"keycodes":[{"id":"KC_6","fields":[]},{"id":"KC_TRNS","fields":[]},{"id":"KC_TRNS","fields":[]},{"id":"KC_TRNS","fields":[]},{"id":"KC_TRNS","fields":[]},{"id":"KC_TRNS","fields":[]},{"id":"KC_TRNS","fields":[]},{"id":"KC_TRNS","fields":[]},{"id":"KC_TRNS","fields":[]},{"id":"KC_TRNS","fields":[]},{"id":"KC_TRNS","fields":[]},{"id":"KC_TRNS","fields":[]},{"id":"KC_TRNS","fields":[]},{"id":"KC_TRNS","fields":[]},{"id":"KC_TRNS","fields":[]},{"id":"KC_TRNS","fields":[]}]},{"id":22,"legend":"7","state":{"x":8,"y":1,"r":0,"rx":0,"ry":0,"w":1,"h":1,"x2":0,"y2":0,"w2":0,"h2":0},"row":1,"col":7,"keycodes":[{"id":"KC_7","fields":[]},{"id":"KC_TRNS","fields":[]},{"id":"KC_TRNS","fields":[]},{"id":"KC_TRNS","fields":[]},{"id":"KC_TRNS","fields":[]},{"id":"KC_TRNS","fields":[]},{"id":"KC_TRNS","fields":[]},{"id":"KC_TRNS","fields":[]},{"id":"KC_TRNS","fields":[]},{"id":"KC_TRNS","fields":[]},{"id":"KC_TRNS","fields":[]},{"id":"KC_TRNS","fields":[]},{"id":"KC_TRNS","fields":[]},{"id":"KC_TRNS","fields":[]},{"id":"KC_TRNS","fields":[]},{"id":"KC_TRNS","fields":[]}]},{"id":23,"legend":"8","state":{"x":9,"y":1,"r":0,"rx":0,"ry":0,"w":1,"h":1,"x2":0,"y2":0,"w2":0,"h2":0},"row":1,"col":8,"keycodes":[{"id":"KC_8","fields":[]},{"id":"KC_TRNS","fields":[]},{"id":"KC_TRNS","fields":[]},{"id":"KC_TRNS","fields":[]},{"id":"KC_TRNS","fields":[]},{"id":"KC_TRNS","fields":[]},{"id":"KC_TRNS","fields":[]},{"id":"KC_TRNS","fields":[]},{"id":"KC_TRNS","fields":[]},{"id":"KC_TRNS","fields":[]},{"id":"KC_TRNS","fields":[]},{"id":"KC_TRNS","fields":[]},{"id":"KC_TRNS","fields":[]},{"id":"KC_TRNS","fields":[]},{"id":"KC_TRNS","fields":[]},{"id":"KC_TRNS","fields":[]}]},{"id":24,"legend":"9","state":{"x":10,"y":1,"r":0,"rx":0,"ry":0,"w":1,"h":1,"x2":0,"y2":0,"w2":0,"h2":0},"row":1,"col":9,"keycodes":[{"id":"KC_9","fields":[]},{"id":"KC_TRNS","fields":[]},{"id":"KC_TRNS","fields":[]},{"id":"KC_TRNS","fields":[]},{"id":"KC_TRNS","fields":[]},{"id":"KC_TRNS","fields":[]},{"id":"KC_TRNS","fields":[]},{"id":"KC_TRNS","fields":[]},{"id":"KC_TRNS","fields":[]},{"id":"KC_TRNS","fields":[]},{"id":"KC_TRNS","fields":[]},{"id":"KC_TRNS","fields":[]},{"id":"KC_TRNS","fields":[]},{"id":"KC_TRNS","fields":[]},{"id":"KC_TRNS","fields":[]},{"id":"KC_TRNS","fields":[]}]},{"id":25,"legend":"0","state":{"x":11,"y":1,"r":0,"rx":0,"ry":0,"w":1,"h":1,"x2":0,"y2":0,"w2":0,"h2":0},"row":1,"col":10,"keycodes":[{"id":"KC_0","fields":[]},{"id":"KC_TRNS","fields":[]},{"id":"KC_TRNS","fields":[]},{"id":"KC_TRNS","fields":[]},{"id":"KC_TRNS","fields":[]},{"id":"KC_TRNS","fields":[]},{"id":"KC_TRNS","fields":[]},{"id":"KC_TRNS","fields":[]},{"id":"KC_TRNS","fields":[]},{"id":"KC_TRNS","fields":[]},{"id":"KC_TRNS","fields":[]},{"id":"KC_TRNS","fields":[]},{"id":"KC_TRNS","fields":[]},{"id":"KC_TRNS","fields":[]},{"id":"KC_TRNS","fields":[]},{"id":"KC_TRNS","fields":[]}]},{"id":26,"legend":"-","state":{"x":12,"y":1,"r":0,"rx":0,"ry":0,"w":1,"h":1,"x2":0,"y2":0,"w2":0,"h2":0},"row":1,"col":11,"keycodes":[{"id":"KC_MINS","fields":[]},{"id":"KC_TRNS","fields":[]},{"id":"KC_TRNS","fields":[]},{"id":"KC_TRNS","fields":[]},{"id":"KC_TRNS","fields":[]},{"id":"KC_TRNS","fields":[]},{"id":"KC_TRNS","fields":[]},{"id":"KC_TRNS","fields":[]},{"id":"KC_TRNS","fields":[]},{"id":"KC_TRNS","fields":[]},{"id":"KC_TRNS","fields":[]},{"id":"KC_TRNS","fields":[]},{"id":"KC_TRNS","fields":[]},{"id":"KC_TRNS","fields":[]},{"id":"KC_TRNS","fields":[]},{"id":"KC_TRNS","fields":[]}]},{"id":27,"legend":"=","state":{"x":13,"y":1,"r":0,"rx":0,"ry":0,"w":1,"h":1,"x2":0,"y2":0,"w2":0,"h2":0},"row":1,"col":12,"keycodes":[{"id":"KC_EQL","fields":[]},{"id":"KC_TRNS","fields":[]},{"id":"KC_TRNS","fields":[]},{"id":"KC_TRNS","fields":[]},{"id":"KC_TRNS","fields":[]},{"id":"KC_TRNS","fields":[]},{"id":"KC_TRNS","fields":[]},{"id":"KC_TRNS","fields":[]},{"id":"KC_TRNS","fields":[]},{"id":"KC_TRNS","fields":[]},{"id":"KC_TRNS","fields":[]},{"id":"KC_TRNS","fields":[]},{"id":"KC_TRNS","fields":[]},{"id":"KC_TRNS","fields":[]},{"id":"KC_TRNS","fields":[]},{"id":"KC_TRNS","fields":[]}]},{"id":28,"legend":"back","state":{"x":14,"y":1,"r":0,"rx":0,"ry":0,"w":2,"h":1,"x2":0,"y2":0,"w2":0,"h2":0},"row":1,"col":13,"keycodes":[{"id":"KC_BSPC","fields":[]},{"id":"KC_TRNS","fields":[]},{"id":"KC_TRNS","fields":[]},{"id":"KC_TRNS","fields":[]},{"id":"KC_TRNS","fields":[]},{"id":"KC_TRNS","fields":[]},{"id":"KC_TRNS","fields":[]},{"id":"KC_TRNS","fields":[]},{"id":"KC_TRNS","fields":[]},{"id":"KC_TRNS","fields":[]},{"id":"KC_TRNS","fields":[]},{"id":"KC_TRNS","fields":[]},{"id":"KC_TRNS","fields":[]},{"id":"KC_TRNS","fields":[]},{"id":"KC_TRNS","fields":[]},{"id":"KC_TRNS","fields":[]}]},{"id":29,"legend":"home","state":{"x":0,"y":2,"r":0,"rx":0,"ry":0,"w":1,"h":1,"x2":0,"y2":0,"w2":0,"h2":0},"row":2,"col":0,"keycodes":[{"id":"KC_HOME","fields":[]},{"id":"RESET","fields":[]},{"id":"KC_TRNS","fields":[]},{"id":"KC_TRNS","fields":[]},{"id":"KC_TRNS","fields":[]},{"id":"KC_TRNS","fields":[]},{"id":"KC_TRNS","fields":[]},{"id":"KC_TRNS","fields":[]},{"id":"KC_TRNS","fields":[]},{"id":"KC_TRNS","fields":[]},{"id":"KC_TRNS","fields":[]},{"id":"KC_TRNS","fields":[]},{"id":"KC_TRNS","fields":[]},{"id":"KC_TRNS","fields":[]},{"id":"KC_TRNS","fields":[]},{"id":"KC_TRNS","fields":[]}]},{"id":30,"legend":"tab","state":{"x":1,"y":2,"r":0,"rx":0,"ry":0,"w":2,"h":1,"x2":0,"y2":0,"w2":0,"h2":0},"row":2,"col":1,"keycodes":[{"id":"KC_TAB","fields":[]},{"id":"KC_TRNS","fields":[]},{"id":"KC_TRNS","fields":[]},{"id":"KC_TRNS","fields":[]},{"id":"KC_TRNS","fields":[]},{"id":"KC_TRNS","fields":[]},{"id":"KC_TRNS","fields":[]},{"id":"KC_TRNS","fields":[]},{"id":"KC_TRNS","fields":[]},{"id":"KC_TRNS","fields":[]},{"id":"KC_TRNS","fields":[]},{"id":"KC_TRNS","fields":[]},{"id":"KC_TRNS","fields":[]},{"id":"KC_TRNS","fields":[]},{"id":"KC_TRNS","fields":[]},{"id":"KC_TRNS","fields":[]}]},{"id":31,"legend":"q","state":{"x":3,"y":2,"r":0,"rx":0,"ry":0,"w":1,"h":1,"x2":0,"y2":0,"w2":0,"h2":0},"row":2,"col":2,"keycodes":[{"id":"KC_Q","fields":[]},{"id":"KC_TRNS","fields":[]},{"id":"KC_TRNS","fields":[]},{"id":"KC_TRNS","fields":[]},{"id":"KC_TRNS","fields":[]},{"id":"KC_TRNS","fields":[]},{"id":"KC_TRNS","fields":[]},{"id":"KC_TRNS","fields":[]},{"id":"KC_TRNS","fields":[]},{"id":"KC_TRNS","fields":[]},{"id":"KC_TRNS","fields":[]},{"id":"KC_TRNS","fields":[]},{"id":"KC_TRNS","fields":[]},{"id":"KC_TRNS","fields":[]},{"id":"KC_TRNS","fields":[]},{"id":"KC_TRNS","fields":[]}]},{"id":32,"legend":"w","state":{"x":4,"y":2,"r":0,"rx":0,"ry":0,"w":1,"h":1,"x2":0,"y2":0,"w2":0,"h2":0},"row":2,"col":3,"keycodes":[{"id":"KC_W","fields":[]},{"id":"KC_TRNS","fields":[]},{"id":"KC_TRNS","fields":[]},{"id":"KC_TRNS","fields":[]},{"id":"KC_TRNS","fields":[]},{"id":"KC_TRNS","fields":[]},{"id":"KC_TRNS","fields":[]},{"id":"KC_TRNS","fields":[]},{"id":"KC_TRNS","fields":[]},{"id":"KC_TRNS","fields":[]},{"id":"KC_TRNS","fields":[]},{"id":"KC_TRNS","fields":[]},{"id":"KC_TRNS","fields":[]},{"id":"KC_TRNS","fields":[]},{"id":"KC_TRNS","fields":[]},{"id":"KC_TRNS","fields":[]}]},{"id":33,"legend":"e","state":{"x":5,"y":2,"r":0,"rx":0,"ry":0,"w":1,"h":1,"x2":0,"y2":0,"w2":0,"h2":0},"row":2,"col":4,"keycodes":[{"id":"KC_E","fields":[]},{"id":"KC_TRNS","fields":[]},{"id":"KC_TRNS","fields":[]},{"id":"KC_TRNS","fields":[]},{"id":"KC_TRNS","fields":[]},{"id":"KC_TRNS","fields":[]},{"id":"KC_TRNS","fields":[]},{"id":"KC_TRNS","fields":[]},{"id":"KC_TRNS","fields":[]},{"id":"KC_TRNS","fields":[]},{"id":"KC_TRNS","fields":[]},{"id":"KC_TRNS","fields":[]},{"id":"KC_TRNS","fields":[]},{"id":"KC_TRNS","fields":[]},{"id":"KC_TRNS","fields":[]},{"id":"KC_TRNS","fields":[]}]},{"id":34,"legend":"r","state":{"x":6,"y":2,"r":0,"rx":0,"ry":0,"w":1,"h":1,"x2":0,"y2":0,"w2":0,"h2":0},"row":2,"col":5,"keycodes":[{"id":"KC_R","fields":[]},{"id":"KC_TRNS","fields":[]},{"id":"KC_TRNS","fields":[]},{"id":"KC_TRNS","fields":[]},{"id":"KC_TRNS","fields":[]},{"id":"KC_TRNS","fields":[]},{"id":"KC_TRNS","fields":[]},{"id":"KC_TRNS","fields":[]},{"id":"KC_TRNS","fields":[]},{"id":"KC_TRNS","fields":[]},{"id":"KC_TRNS","fields":[]},{"id":"KC_TRNS","fields":[]},{"id":"KC_TRNS","fields":[]},{"id":"KC_TRNS","fields":[]},{"id":"KC_TRNS","fields":[]},{"id":"KC_TRNS","fields":[]}]},{"id":35,"legend":"t","state":{"x":7,"y":2,"r":0,"rx":0,"ry":0,"w":1,"h":1,"x2":0,"y2":0,"w2":0,"h2":0},"row":2,"col":6,"keycodes":[{"id":"KC_T","fields":[]},{"id":"KC_TRNS","fields":[]},{"id":"KC_TRNS","fields":[]},{"id":"KC_TRNS","fields":[]},{"id":"KC_TRNS","fields":[]},{"id":"KC_TRNS","fields":[]},{"id":"KC_TRNS","fields":[]},{"id":"KC_TRNS","fields":[]},{"id":"KC_TRNS","fields":[]},{"id":"KC_TRNS","fields":[]},{"id":"KC_TRNS","fields":[]},{"id":"KC_TRNS","fields":[]},{"id":"KC_TRNS","fields":[]},{"id":"KC_TRNS","fields":[]},{"id":"KC_TRNS","fields":[]},{"id":"KC_TRNS","fields":[]}]},{"id":36,"legend":"y","state":{"x":8,"y":2,"r":0,"rx":0,"ry":0,"w":1,"h":1,"x2":0,"y2":0,"w2":0,"h2":0},"row":2,"col":7,"keycodes":[{"id":"KC_Y","fields":[]},{"id":"KC_TRNS","fields":[]},{"id":"KC_TRNS","fields":[]},{"id":"KC_TRNS","fields":[]},{"id":"KC_TRNS","fields":[]},{"id":"KC_TRNS","fields":[]},{"id":"KC_TRNS","fields":[]},{"id":"KC_TRNS","fields":[]},{"id":"KC_TRNS","fields":[]},{"id":"KC_TRNS","fields":[]},{"id":"KC_TRNS","fields":[]},{"id":"KC_TRNS","fields":[]},{"id":"KC_TRNS","fields":[]},{"id":"KC_TRNS","fields":[]},{"id":"KC_TRNS","fields":[]},{"id":"KC_TRNS","fields":[]}]},{"id":37,"legend":"u","state":{"x":9,"y":2,"r":0,"rx":0,"ry":0,"w":1,"h":1,"x2":0,"y2":0,"w2":0,"h2":0},"row":2,"col":8,"keycodes":[{"id":"KC_U","fields":[]},{"id":"KC_TRNS","fields":[]},{"id":"KC_TRNS","fields":[]},{"id":"KC_TRNS","fields":[]},{"id":"KC_TRNS","fields":[]},{"id":"KC_TRNS","fields":[]},{"id":"KC_TRNS","fields":[]},{"id":"KC_TRNS","fields":[]},{"id":"KC_TRNS","fields":[]},{"id":"KC_TRNS","fields":[]},{"id":"KC_TRNS","fields":[]},{"id":"KC_TRNS","fields":[]},{"id":"KC_TRNS","fields":[]},{"id":"KC_TRNS","fields":[]},{"id":"KC_TRNS","fields":[]},{"id":"KC_TRNS","fields":[]}]},{"id":38,"legend":"i","state":{"x":10,"y":2,"r":0,"rx":0,"ry":0,"w":1,"h":1,"x2":0,"y2":0,"w2":0,"h2":0},"row":2,"col":9,"keycodes":[{"id":"KC_I","fields":[]},{"id":"KC_TRNS","fields":[]},{"id":"KC_TRNS","fields":[]},{"id":"KC_TRNS","fields":[]},{"id":"KC_TRNS","fields":[]},{"id":"KC_TRNS","fields":[]},{"id":"KC_TRNS","fields":[]},{"id":"KC_TRNS","fields":[]},{"id":"KC_TRNS","fields":[]},{"id":"KC_TRNS","fields":[]},{"id":"KC_TRNS","fields":[]},{"id":"KC_TRNS","fields":[]},{"id":"KC_TRNS","fields":[]},{"id":"KC_TRNS","fields":[]},{"id":"KC_TRNS","fields":[]},{"id":"KC_TRNS","fields":[]}]},{"id":39,"legend":"o","state":{"x":11,"y":2,"r":0,"rx":0,"ry":0,"w":1,"h":1,"x2":0,"y2":0,"w2":0,"h2":0},"row":2,"col":10,"keycodes":[{"id":"KC_O","fields":[]},{"id":"KC_TRNS","fields":[]},{"id":"KC_TRNS","fields":[]},{"id":"KC_TRNS","fields":[]},{"id":"KC_TRNS","fields":[]},{"id":"KC_TRNS","fields":[]},{"id":"KC_TRNS","fields":[]},{"id":"KC_TRNS","fields":[]},{"id":"KC_TRNS","fields":[]},{"id":"KC_TRNS","fields":[]},{"id":"KC_TRNS","fields":[]},{"id":"KC_TRNS","fields":[]},{"id":"KC_TRNS","fields":[]},{"id":"KC_TRNS","fields":[]},{"id":"KC_TRNS","fields":[]},{"id":"KC_TRNS","fields":[]}]},{"id":40,"legend":"p","state":{"x":12,"y":2,"r":0,"rx":0,"ry":0,"w":1,"h":1,"x2":0,"y2":0,"w2":0,"h2":0},"row":2,"col":11,"keycodes":[{"id":"KC_P","fields":[]},{"id":"KC_TRNS","fields":[]},{"id":"KC_TRNS","fields":[]},{"id":"KC_TRNS","fields":[]},{"id":"KC_TRNS","fields":[]},{"id":"KC_TRNS","fields":[]},{"id":"KC_TRNS","fields":[]},{"id":"KC_TRNS","fields":[]},{"id":"KC_TRNS","fields":[]},{"id":"KC_TRNS","fields":[]},{"id":"KC_TRNS","fields":[]},{"id":"KC_TRNS","fields":[]},{"id":"KC_TRNS","fields":[]},{"id":"KC_TRNS","fields":[]},{"id":"KC_TRNS","fields":[]},{"id":"KC_TRNS","fields":[]}]},{"id":41,"legend":"[","state":{"x":13,"y":2,"r":0,"rx":0,"ry":0,"w":1,"h":1,"x2":0,"y2":0,"w2":0,"h2":0},"row":2,"col":12,"keycodes":[{"id":"KC_LBRC","fields":[]},{"id":"KC_TRNS","fields":[]},{"id":"KC_TRNS","fields":[]},{"id":"KC_TRNS","fields":[]},{"id":"KC_TRNS","fields":[]},{"id":"KC_TRNS","fields":[]},{"id":"KC_TRNS","fields":[]},{"id":"KC_TRNS","fields":[]},{"id":"KC_TRNS","fields":[]},{"id":"KC_TRNS","fields":[]},{"id":"KC_TRNS","fields":[]},{"id":"KC_TRNS","fields":[]},{"id":"KC_TRNS","fields":[]},{"id":"KC_TRNS","fields":[]},{"id":"KC_TRNS","fields":[]},{"id":"KC_TRNS","fields":[]}]},{"id":42,"legend":"]","state":{"x":14,"y":2,"r":0,"rx":0,"ry":0,"w":1,"h":1,"x2":0,"y2":0,"w2":0,"h2":0},"row":2,"col":13,"keycodes":[{"id":"KC_RBRC","fields":[]},{"id":"KC_TRNS","fields":[]},{"id":"KC_TRNS","fields":[]},{"id":"KC_TRNS","fields":[]},{"id":"KC_TRNS","fields":[]},{"id":"KC_TRNS","fields":[]},{"id":"KC_TRNS","fields":[]},{"id":"KC_TRNS","fields":[]},{"id":"KC_TRNS","fields":[]},{"id":"KC_TRNS","fields":[]},{"id":"KC_TRNS","fields":[]},{"id":"KC_TRNS","fields":[]},{"id":"KC_TRNS","fields":[]},{"id":"KC_TRNS","fields":[]},{"id":"KC_TRNS","fields":[]},{"id":"KC_TRNS","fields":[]}]},{"id":43,"legend":"\\","state":{"x":15,"y":2,"r":0,"rx":0,"ry":0,"w":1,"h":1,"x2":0,"y2":0,"w2":0,"h2":0},"row":2,"col":14,"keycodes":[{"id":"KC_BSLS","fields":[]},{"id":"KC_TRNS","fields":[]},{"id":"KC_TRNS","fields":[]},{"id":"KC_TRNS","fields":[]},{"id":"KC_TRNS","fields":[]},{"id":"KC_TRNS","fields":[]},{"id":"KC_TRNS","fields":[]},{"id":"KC_TRNS","fields":[]},{"id":"KC_TRNS","fields":[]},{"id":"KC_TRNS","fields":[]},{"id":"KC_TRNS","fields":[]},{"id":"KC_TRNS","fields":[]},{"id":"KC_TRNS","fields":[]},{"id":"KC_TRNS","fields":[]},{"id":"KC_TRNS","fields":[]},{"id":"KC_TRNS","fields":[]}]},{"id":44,"legend":"numlock","state":{"x":0,"y":3,"r":0,"rx":0,"ry":0,"w":1,"h":1,"x2":0,"y2":0,"w2":0,"h2":0},"row":3,"col":0,"keycodes":[{"id":"KC_END","fields":[]},{"id":"KC_TRNS","fields":[]},{"id":"KC_TRNS","fields":[]},{"id":"KC_TRNS","fields":[]},{"id":"KC_TRNS","fields":[]},{"id":"KC_TRNS","fields":[]},{"id":"KC_TRNS","fields":[]},{"id":"KC_TRNS","fields":[]},{"id":"KC_TRNS","fields":[]},{"id":"KC_TRNS","fields":[]},{"id":"KC_TRNS","fields":[]},{"id":"KC_TRNS","fields":[]},{"id":"KC_TRNS","fields":[]},{"id":"KC_TRNS","fields":[]},{"id":"KC_TRNS","fields":[]},{"id":"KC_TRNS","fields":[]}]},{"id":45,"legend":"caps","state":{"x":1,"y":3,"r":0,"rx":0,"ry":0,"w":2,"h":1,"x2":0,"y2":0,"w2":0,"h2":0},"row":3,"col":1,"keycodes":[{"id":"KC_CAPS","fields":[]},{"id":"KC_TRNS","fields":[]},{"id":"KC_TRNS","fields":[]},{"id":"KC_TRNS","fields":[]},{"id":"KC_TRNS","fields":[]},{"id":"KC_TRNS","fields":[]},{"id":"KC_TRNS","fields":[]},{"id":"KC_TRNS","fields":[]},{"id":"KC_TRNS","fields":[]},{"id":"KC_TRNS","fields":[]},{"id":"KC_TRNS","fields":[]},{"id":"KC_TRNS","fields":[]},{"id":"KC_TRNS","fields":[]},{"id":"KC_TRNS","fields":[]},{"id":"KC_TRNS","fields":[]},{"id":"KC_TRNS","fields":[]}]},{"id":46,"legend":"a","state":{"x":3,"y":3,"r":0,"rx":0,"ry":0,"w":1,"h":1,"x2":0,"y2":0,"w2":0,"h2":0},"row":3,"col":2,"keycodes":[{"id":"KC_A","fields":[]},{"id":"KC_TRNS","fields":[]},{"id":"KC_TRNS","fields":[]},{"id":"KC_TRNS","fields":[]},{"id":"KC_TRNS","fields":[]},{"id":"KC_TRNS","fields":[]},{"id":"KC_TRNS","fields":[]},{"id":"KC_TRNS","fields":[]},{"id":"KC_TRNS","fields":[]},{"id":"KC_TRNS","fields":[]},{"id":"KC_TRNS","fields":[]},{"id":"KC_TRNS","fields":[]},{"id":"KC_TRNS","fields":[]},{"id":"KC_TRNS","fields":[]},{"id":"KC_TRNS","fields":[]},{"id":"KC_TRNS","fields":[]}]},{"id":47,"legend":"s","state":{"x":4,"y":3,"r":0,"rx":0,"ry":0,"w":1,"h":1,"x2":0,"y2":0,"w2":0,"h2":0},"row":3,"col":3,"keycodes":[{"id":"KC_S","fields":[]},{"id":"KC_TRNS","fields":[]},{"id":"KC_TRNS","fields":[]},{"id":"KC_TRNS","fields":[]},{"id":"KC_TRNS","fields":[]},{"id":"KC_TRNS","fields":[]},{"id":"KC_TRNS","fields":[]},{"id":"KC_TRNS","fields":[]},{"id":"KC_TRNS","fields":[]},{"id":"KC_TRNS","fields":[]},{"id":"KC_TRNS","fields":[]},{"id":"KC_TRNS","fields":[]},{"id":"KC_TRNS","fields":[]},{"id":"KC_TRNS","fields":[]},{"id":"KC_TRNS","fields":[]},{"id":"KC_TRNS","fields":[]}]},{"id":48,"legend":"d","state":{"x":5,"y":3,"r":0,"rx":0,"ry":0,"w":1,"h":1,"x2":0,"y2":0,"w2":0,"h2":0},"row":3,"col":4,"keycodes":[{"id":"KC_D","fields":[]},{"id":"KC_TRNS","fields":[]},{"id":"KC_TRNS","fields":[]},{"id":"KC_TRNS","fields":[]},{"id":"KC_TRNS","fields":[]},{"id":"KC_TRNS","fields":[]},{"id":"KC_TRNS","fields":[]},{"id":"KC_TRNS","fields":[]},{"id":"KC_TRNS","fields":[]},{"id":"KC_TRNS","fields":[]},{"id":"KC_TRNS","fields":[]},{"id":"KC_TRNS","fields":[]},{"id":"KC_TRNS","fields":[]},{"id":"KC_TRNS","fields":[]},{"id":"KC_TRNS","fields":[]},{"id":"KC_TRNS","fields":[]}]},{"id":49,"legend":"f","state":{"x":6,"y":3,"r":0,"rx":0,"ry":0,"w":1,"h":1,"x2":0,"y2":0,"w2":0,"h2":0},"row":3,"col":5,"keycodes":[{"id":"KC_F","fields":[]},{"id":"KC_TRNS","fields":[]},{"id":"KC_TRNS","fields":[]},{"id":"KC_TRNS","fields":[]},{"id":"KC_TRNS","fields":[]},{"id":"KC_TRNS","fields":[]},{"id":"KC_TRNS","fields":[]},{"id":"KC_TRNS","fields":[]},{"id":"KC_TRNS","fields":[]},{"id":"KC_TRNS","fields":[]},{"id":"KC_TRNS","fields":[]},{"id":"KC_TRNS","fields":[]},{"id":"KC_TRNS","fields":[]},{"id":"KC_TRNS","fields":[]},{"id":"KC_TRNS","fields":[]},{"id":"KC_TRNS","fields":[]}]},{"id":50,"legend":"g","state":{"x":7,"y":3,"r":0,"rx":0,"ry":0,"w":1,"h":1,"x2":0,"y2":0,"w2":0,"h2":0},"row":3,"col":6,"keycodes":[{"id":"KC_G","fields":[]},{"id":"KC_TRNS","fields":[]},{"id":"KC_TRNS","fields":[]},{"id":"KC_TRNS","fields":[]},{"id":"KC_TRNS","fields":[]},{"id":"KC_TRNS","fields":[]},{"id":"KC_TRNS","fields":[]},{"id":"KC_TRNS","fields":[]},{"id":"KC_TRNS","fields":[]},{"id":"KC_TRNS","fields":[]},{"id":"KC_TRNS","fields":[]},{"id":"KC_TRNS","fields":[]},{"id":"KC_TRNS","fields":[]},{"id":"KC_TRNS","fields":[]},{"id":"KC_TRNS","fields":[]},{"id":"KC_TRNS","fields":[]}]},{"id":51,"legend":"h","state":{"x":8,"y":3,"r":0,"rx":0,"ry":0,"w":1,"h":1,"x2":0,"y2":0,"w2":0,"h2":0},"row":3,"col":7,"keycodes":[{"id":"KC_H","fields":[]},{"id":"KC_TRNS","fields":[]},{"id":"KC_TRNS","fields":[]},{"id":"KC_TRNS","fields":[]},{"id":"KC_TRNS","fields":[]},{"id":"KC_TRNS","fields":[]},{"id":"KC_TRNS","fields":[]},{"id":"KC_TRNS","fields":[]},{"id":"KC_TRNS","fields":[]},{"id":"KC_TRNS","fields":[]},{"id":"KC_TRNS","fields":[]},{"id":"KC_TRNS","fields":[]},{"id":"KC_TRNS","fields":[]},{"id":"KC_TRNS","fields":[]},{"id":"KC_TRNS","fields":[]},{"id":"KC_TRNS","fields":[]}]},{"id":52,"legend":"j","state":{"x":9,"y":3,"r":0,"rx":0,"ry":0,"w":1,"h":1,"x2":0,"y2":0,"w2":0,"h2":0},"row":3,"col":8,"keycodes":[{"id":"KC_J","fields":[]},{"id":"KC_TRNS","fields":[]},{"id":"KC_TRNS","fields":[]},{"id":"KC_TRNS","fields":[]},{"id":"KC_TRNS","fields":[]},{"id":"KC_TRNS","fields":[]},{"id":"KC_TRNS","fields":[]},{"id":"KC_TRNS","fields":[]},{"id":"KC_TRNS","fields":[]},{"id":"KC_TRNS","fields":[]},{"id":"KC_TRNS","fields":[]},{"id":"KC_TRNS","fields":[]},{"id":"KC_TRNS","fields":[]},{"id":"KC_TRNS","fields":[]},{"id":"KC_TRNS","fields":[]},{"id":"KC_TRNS","fields":[]}]},{"id":53,"legend":"k","state":{"x":10,"y":3,"r":0,"rx":0,"ry":0,"w":1,"h":1,"x2":0,"y2":0,"w2":0,"h2":0},"row":3,"col":9,"keycodes":[{"id":"KC_K","fields":[]},{"id":"KC_TRNS","fields":[]},{"id":"KC_TRNS","fields":[]},{"id":"KC_TRNS","fields":[]},{"id":"KC_TRNS","fields":[]},{"id":"KC_TRNS","fields":[]},{"id":"KC_TRNS","fields":[]},{"id":"KC_TRNS","fields":[]},{"id":"KC_TRNS","fields":[]},{"id":"KC_TRNS","fields":[]},{"id":"KC_TRNS","fields":[]},{"id":"KC_TRNS","fields":[]},{"id":"KC_TRNS","fields":[]},{"id":"KC_TRNS","fields":[]},{"id":"KC_TRNS","fields":[]},{"id":"KC_TRNS","fields":[]}]},{"id":54,"legend":"l","state":{"x":11,"y":3,"r":0,"rx":0,"ry":0,"w":1,"h":1,"x2":0,"y2":0,"w2":0,"h2":0},"row":3,"col":10,"keycodes":[{"id":"KC_L","fields":[]},{"id":"KC_TRNS","fields":[]},{"id":"KC_TRNS","fields":[]},{"id":"KC_TRNS","fields":[]},{"id":"KC_TRNS","fields":[]},{"id":"KC_TRNS","fields":[]},{"id":"KC_TRNS","fields":[]},{"id":"KC_TRNS","fields":[]},{"id":"KC_TRNS","fields":[]},{"id":"KC_TRNS","fields":[]},{"id":"KC_TRNS","fields":[]},{"id":"KC_TRNS","fields":[]},{"id":"KC_TRNS","fields":[]},{"id":"KC_TRNS","fields":[]},{"id":"KC_TRNS","fields":[]},{"id":"KC_TRNS","fields":[]}]},{"id":55,"legend":";","state":{"x":12,"y":3,"r":0,"rx":0,"ry":0,"w":1,"h":1,"x2":0,"y2":0,"w2":0,"h2":0},"row":3,"col":11,"keycodes":[{"id":"KC_SCLN","fields":[]},{"id":"KC_TRNS","fields":[]},{"id":"KC_TRNS","fields":[]},{"id":"KC_TRNS","fields":[]},{"id":"KC_TRNS","fields":[]},{"id":"KC_TRNS","fields":[]},{"id":"KC_TRNS","fields":[]},{"id":"KC_TRNS","fields":[]},{"id":"KC_TRNS","fields":[]},{"id":"KC_TRNS","fields":[]},{"id":"KC_TRNS","fields":[]},{"id":"KC_TRNS","fields":[]},{"id":"KC_TRNS","fields":[]},{"id":"KC_TRNS","fields":[]},{"id":"KC_TRNS","fields":[]},{"id":"KC_TRNS","fields":[]}]},{"id":56,"legend":"'","state":{"x":13,"y":3,"r":0,"rx":0,"ry":0,"w":1,"h":1,"x2":0,"y2":0,"w2":0,"h2":0},"row":3,"col":12,"keycodes":[{"id":"KC_QUOT","fields":[]},{"id":"KC_TRNS","fields":[]},{"id":"KC_TRNS","fields":[]},{"id":"KC_TRNS","fields":[]},{"id":"KC_TRNS","fields":[]},{"id":"KC_TRNS","fields":[]},{"id":"KC_TRNS","fields":[]},{"id":"KC_TRNS","fields":[]},{"id":"KC_TRNS","fields":[]},{"id":"KC_TRNS","fields":[]},{"id":"KC_TRNS","fields":[]},{"id":"KC_TRNS","fields":[]},{"id":"KC_TRNS","fields":[]},{"id":"KC_TRNS","fields":[]},{"id":"KC_TRNS","fields":[]},{"id":"KC_TRNS","fields":[]}]},{"id":57,"legend":"enter","state":{"x":14,"y":3,"r":0,"rx":0,"ry":0,"w":2,"h":1,"x2":0,"y2":0,"w2":0,"h2":0},"row":3,"col":13,"keycodes":[{"id":"KC_ENT","fields":[]},{"id":"KC_TRNS","fields":[]},{"id":"KC_TRNS","fields":[]},{"id":"KC_TRNS","fields":[]},{"id":"KC_TRNS","fields":[]},{"id":"KC_TRNS","fields":[]},{"id":"KC_TRNS","fields":[]},{"id":"KC_TRNS","fields":[]},{"id":"KC_TRNS","fields":[]},{"id":"KC_TRNS","fields":[]},{"id":"KC_TRNS","fields":[]},{"id":"KC_TRNS","fields":[]},{"id":"KC_TRNS","fields":[]},{"id":"KC_TRNS","fields":[]},{"id":"KC_TRNS","fields":[]},{"id":"KC_TRNS","fields":[]}]},{"id":58,"legend":"pgup","state":{"x":0,"y":4,"r":0,"rx":0,"ry":0,"w":1,"h":1,"x2":0,"y2":0,"w2":0,"h2":0},"row":4,"col":0,"keycodes":[{"id":"KC_PGUP","fields":[]},{"id":"KC_TRNS","fields":[]},{"id":"KC_TRNS","fields":[]},{"id":"KC_TRNS","fields":[]},{"id":"KC_TRNS","fields":[]},{"id":"KC_TRNS","fields":[]},{"id":"KC_TRNS","fields":[]},{"id":"KC_TRNS","fields":[]},{"id":"KC_TRNS","fields":[]},{"id":"KC_TRNS","fields":[]},{"id":"KC_TRNS","fields":[]},{"id":"KC_TRNS","fields":[]},{"id":"KC_TRNS","fields":[]},{"id":"KC_TRNS","fields":[]},{"id":"KC_TRNS","fields":[]},{"id":"KC_TRNS","fields":[]}]},{"id":59,"legend":"shift","state":{"x":1,"y":4,"r":0,"rx":0,"ry":0,"w":2,"h":1,"x2":0,"y2":0,"w2":0,"h2":0},"row":4,"col":1,"keycodes":[{"id":"KC_LSFT","fields":[]},{"id":"KC_TRNS","fields":[]},{"id":"KC_TRNS","fields":[]},{"id":"KC_TRNS","fields":[]},{"id":"KC_TRNS","fields":[]},{"id":"KC_TRNS","fields":[]},{"id":"KC_TRNS","fields":[]},{"id":"KC_TRNS","fields":[]},{"id":"KC_TRNS","fields":[]},{"id":"KC_TRNS","fields":[]},{"id":"KC_TRNS","fields":[]},{"id":"KC_TRNS","fields":[]},{"id":"KC_TRNS","fields":[]},{"id":"KC_TRNS","fields":[]},{"id":"KC_TRNS","fields":[]},{"id":"KC_TRNS","fields":[]}]},{"id":60,"legend":"z","state":{"x":3,"y":4,"r":0,"rx":0,"ry":0,"w":1,"h":1,"x2":0,"y2":0,"w2":0,"h2":0},"row":4,"col":2,"keycodes":[{"id":"KC_Z","fields":[]},{"id":"KC_TRNS","fields":[]},{"id":"KC_TRNS","fields":[]},{"id":"KC_TRNS","fields":[]},{"id":"KC_TRNS","fields":[]},{"id":"KC_TRNS","fields":[]},{"id":"KC_TRNS","fields":[]},{"id":"KC_TRNS","fields":[]},{"id":"KC_TRNS","fields":[]},{"id":"KC_TRNS","fields":[]},{"id":"KC_TRNS","fields":[]},{"id":"KC_TRNS","fields":[]},{"id":"KC_TRNS","fields":[]},{"id":"KC_TRNS","fields":[]},{"id":"KC_TRNS","fields":[]},{"id":"KC_TRNS","fields":[]}]},{"id":61,"legend":"x","state":{"x":4,"y":4,"r":0,"rx":0,"ry":0,"w":1,"h":1,"x2":0,"y2":0,"w2":0,"h2":0},"row":4,"col":3,"keycodes":[{"id":"KC_X","fields":[]},{"id":"KC_TRNS","fields":[]},{"id":"KC_TRNS","fields":[]},{"id":"KC_TRNS","fields":[]},{"id":"KC_TRNS","fields":[]},{"id":"KC_TRNS","fields":[]},{"id":"KC_TRNS","fields":[]},{"id":"KC_TRNS","fields":[]},{"id":"KC_TRNS","fields":[]},{"id":"KC_TRNS","fields":[]},{"id":"KC_TRNS","fields":[]},{"id":"KC_TRNS","fields":[]},{"id":"KC_TRNS","fields":[]},{"id":"KC_TRNS","fields":[]},{"id":"KC_TRNS","fields":[]},{"id":"KC_TRNS","fields":[]}]},{"id":62,"legend":"c","state":{"x":5,"y":4,"r":0,"rx":0,"ry":0,"w":1,"h":1,"x2":0,"y2":0,"w2":0,"h2":0},"row":4,"col":4,"keycodes":[{"id":"KC_C","fields":[]},{"id":"KC_TRNS","fields":[]},{"id":"KC_TRNS","fields":[]},{"id":"KC_TRNS","fields":[]},{"id":"KC_TRNS","fields":[]},{"id":"KC_TRNS","fields":[]},{"id":"KC_TRNS","fields":[]},{"id":"KC_TRNS","fields":[]},{"id":"KC_TRNS","fields":[]},{"id":"KC_TRNS","fields":[]},{"id":"KC_TRNS","fields":[]},{"id":"KC_TRNS","fields":[]},{"id":"KC_TRNS","fields":[]},{"id":"KC_TRNS","fields":[]},{"id":"KC_TRNS","fields":[]},{"id":"KC_TRNS","fields":[]}]},{"id":63,"legend":"v","state":{"x":6,"y":4,"r":0,"rx":0,"ry":0,"w":1,"h":1,"x2":0,"y2":0,"w2":0,"h2":0},"row":4,"col":5,"keycodes":[{"id":"KC_V","fields":[]},{"id":"KC_TRNS","fields":[]},{"id":"KC_TRNS","fields":[]},{"id":"KC_TRNS","fields":[]},{"id":"KC_TRNS","fields":[]},{"id":"KC_TRNS","fields":[]},{"id":"KC_TRNS","fields":[]},{"id":"KC_TRNS","fields":[]},{"id":"KC_TRNS","fields":[]},{"id":"KC_TRNS","fields":[]},{"id":"KC_TRNS","fields":[]},{"id":"KC_TRNS","fields":[]},{"id":"KC_TRNS","fields":[]},{"id":"KC_TRNS","fields":[]},{"id":"KC_TRNS","fields":[]},{"id":"KC_TRNS","fields":[]}]},{"id":64,"legend":"b","state":{"x":7,"y":4,"r":0,"rx":0,"ry":0,"w":1,"h":1,"x2":0,"y2":0,"w2":0,"h2":0},"row":4,"col":6,"keycodes":[{"id":"KC_B","fields":[]},{"id":"KC_TRNS","fields":[]},{"id":"KC_TRNS","fields":[]},{"id":"KC_TRNS","fields":[]},{"id":"KC_TRNS","fields":[]},{"id":"KC_TRNS","fields":[]},{"id":"KC_TRNS","fields":[]},{"id":"KC_TRNS","fields":[]},{"id":"KC_TRNS","fields":[]},{"id":"KC_TRNS","fields":[]},{"id":"KC_TRNS","fields":[]},{"id":"KC_TRNS","fields":[]},{"id":"KC_TRNS","fields":[]},{"id":"KC_TRNS","fields":[]},{"id":"KC_TRNS","fields":[]},{"id":"KC_TRNS","fields":[]}]},{"id":65,"legend":"n","state":{"x":8,"y":4,"r":0,"rx":0,"ry":0,"w":1,"h":1,"x2":0,"y2":0,"w2":0,"h2":0},"row":4,"col":7,"keycodes":[{"id":"KC_N","fields":[]},{"id":"KC_TRNS","fields":[]},{"id":"KC_TRNS","fields":[]},{"id":"KC_TRNS","fields":[]},{"id":"KC_TRNS","fields":[]},{"id":"KC_TRNS","fields":[]},{"id":"KC_TRNS","fields":[]},{"id":"KC_TRNS","fields":[]},{"id":"KC_TRNS","fields":[]},{"id":"KC_TRNS","fields":[]},{"id":"KC_TRNS","fields":[]},{"id":"KC_TRNS","fields":[]},{"id":"KC_TRNS","fields":[]},{"id":"KC_TRNS","fields":[]},{"id":"KC_TRNS","fields":[]},{"id":"KC_TRNS","fields":[]}]},{"id":66,"legend":"m","state":{"x":9,"y":4,"r":0,"rx":0,"ry":0,"w":1,"h":1,"x2":0,"y2":0,"w2":0,"h2":0},"row":4,"col":8,"keycodes":[{"id":"KC_M","fields":[]},{"id":"KC_TRNS","fields":[]},{"id":"KC_TRNS","fields":[]},{"id":"KC_TRNS","fields":[]},{"id":"KC_TRNS","fields":[]},{"id":"KC_TRNS","fields":[]},{"id":"KC_TRNS","fields":[]},{"id":"KC_TRNS","fields":[]},{"id":"KC_TRNS","fields":[]},{"id":"KC_TRNS","fields":[]},{"id":"KC_TRNS","fields":[]},{"id":"KC_TRNS","fields":[]},{"id":"KC_TRNS","fields":[]},{"id":"KC_TRNS","fields":[]},{"id":"KC_TRNS","fields":[]},{"id":"KC_TRNS","fields":[]}]},{"id":67,"legend":",","state":{"x":10,"y":4,"r":0,"rx":0,"ry":0,"w":1,"h":1,"x2":0,"y2":0,"w2":0,"h2":0},"row":4,"col":9,"keycodes":[{"id":"KC_COMM","fields":[]},{"id":"KC_TRNS","fields":[]},{"id":"KC_TRNS","fields":[]},{"id":"KC_TRNS","fields":[]},{"id":"KC_TRNS","fields":[]},{"id":"KC_TRNS","fields":[]},{"id":"KC_TRNS","fields":[]},{"id":"KC_TRNS","fields":[]},{"id":"KC_TRNS","fields":[]},{"id":"KC_TRNS","fields":[]},{"id":"KC_TRNS","fields":[]},{"id":"KC_TRNS","fields":[]},{"id":"KC_TRNS","fields":[]},{"id":"KC_TRNS","fields":[]},{"id":"KC_TRNS","fields":[]},{"id":"KC_TRNS","fields":[]}]},{"id":68,"legend":".","state":{"x":11,"y":4,"r":0,"rx":0,"ry":0,"w":1,"h":1,"x2":0,"y2":0,"w2":0,"h2":0},"row":4,"col":10,"keycodes":[{"id":"KC_DOT","fields":[]},{"id":"KC_TRNS","fields":[]},{"id":"KC_TRNS","fields":[]},{"id":"KC_TRNS","fields":[]},{"id":"KC_TRNS","fields":[]},{"id":"KC_TRNS","fields":[]},{"id":"KC_TRNS","fields":[]},{"id":"KC_TRNS","fields":[]},{"id":"KC_TRNS","fields":[]},{"id":"KC_TRNS","fields":[]},{"id":"KC_TRNS","fields":[]},{"id":"KC_TRNS","fields":[]},{"id":"KC_TRNS","fields":[]},{"id":"KC_TRNS","fields":[]},{"id":"KC_TRNS","fields":[]},{"id":"KC_TRNS","fields":[]}]},{"id":69,"legend":"/","state":{"x":12,"y":4,"r":0,"rx":0,"ry":0,"w":1,"h":1,"x2":0,"y2":0,"w2":0,"h2":0},"row":4,"col":11,"keycodes":[{"id":"KC_SLSH","fields":[]},{"id":"KC_TRNS","fields":[]},{"id":"KC_TRNS","fields":[]},{"id":"KC_TRNS","fields":[]},{"id":"KC_TRNS","fields":[]},{"id":"KC_TRNS","fields":[]},{"id":"KC_TRNS","fields":[]},{"id":"KC_TRNS","fields":[]},{"id":"KC_TRNS","fields":[]},{"id":"KC_TRNS","fields":[]},{"id":"KC_TRNS","fields":[]},{"id":"KC_TRNS","fields":[]},{"id":"KC_TRNS","fields":[]},{"id":"KC_TRNS","fields":[]},{"id":"KC_TRNS","fields":[]},{"id":"KC_TRNS","fields":[]}]},{"id":70,"legend":"up","state":{"x":13,"y":4,"r":0,"rx":0,"ry":0,"w":1,"h":1,"x2":0,"y2":0,"w2":0,"h2":0},"row":4,"col":12,"keycodes":[{"id":"KC_UP","fields":[]},{"id":"KC_TRNS","fields":[]},{"id":"KC_TRNS","fields":[]},{"id":"KC_TRNS","fields":[]},{"id":"KC_TRNS","fields":[]},{"id":"KC_TRNS","fields":[]},{"id":"KC_TRNS","fields":[]},{"id":"KC_TRNS","fields":[]},{"id":"KC_TRNS","fields":[]},{"id":"KC_TRNS","fields":[]},{"id":"KC_TRNS","fields":[]},{"id":"KC_TRNS","fields":[]},{"id":"KC_TRNS","fields":[]},{"id":"KC_TRNS","fields":[]},{"id":"KC_TRNS","fields":[]},{"id":"KC_TRNS","fields":[]}]},{"id":71,"legend":"shift","state":{"x":14,"y":4,"r":0,"rx":0,"ry":0,"w":2,"h":1,"x2":0,"y2":0,"w2":0,"h2":0},"row":4,"col":13,"keycodes":[{"id":"KC_RSFT","fields":[]},{"id":"KC_TRNS","fields":[]},{"id":"KC_TRNS","fields":[]},{"id":"KC_TRNS","fields":[]},{"id":"KC_TRNS","fields":[]},{"id":"KC_TRNS","fields":[]},{"id":"KC_TRNS","fields":[]},{"id":"KC_TRNS","fields":[]},{"id":"KC_TRNS","fields":[]},{"id":"KC_TRNS","fields":[]},{"id":"KC_TRNS","fields":[]},{"id":"KC_TRNS","fields":[]},{"id":"KC_TRNS","fields":[]},{"id":"KC_TRNS","fields":[]},{"id":"KC_TRNS","fields":[]},{"id":"KC_TRNS","fields":[]}]},{"id":72,"legend":"pgdwn","state":{"x":0,"y":5,"r":0,"rx":0,"ry":0,"w":1,"h":1,"x2":0,"y2":0,"w2":0,"h2":0},"row":5,"col":0,"keycodes":[{"id":"KC_PGDN","fields":[]},{"id":"KC_TRNS","fields":[]},{"id":"KC_TRNS","fields":[]},{"id":"KC_TRNS","fields":[]},{"id":"KC_TRNS","fields":[]},{"id":"KC_TRNS","fields":[]},{"id":"KC_TRNS","fields":[]},{"id":"KC_TRNS","fields":[]},{"id":"KC_TRNS","fields":[]},{"id":"KC_TRNS","fields":[]},{"id":"KC_TRNS","fields":[]},{"id":"KC_TRNS","fields":[]},{"id":"KC_TRNS","fields":[]},{"id":"KC_TRNS","fields":[]},{"id":"KC_TRNS","fields":[]},{"id":"KC_TRNS","fields":[]}]},{"id":73,"legend":"ctrl","state":{"x":1,"y":5,"r":0,"rx":0,"ry":0,"w":1.25,"h":1,"x2":0,"y2":0,"w2":0,"h2":0},"row":5,"col":1,"keycodes":[{"id":"KC_LCTL","fields":[]},{"id":"KC_TRNS","fields":[]},{"id":"KC_TRNS","fields":[]},{"id":"KC_TRNS","fields":[]},{"id":"KC_TRNS","fields":[]},{"id":"KC_TRNS","fields":[]},{"id":"KC_TRNS","fields":[]},{"id":"KC_TRNS","fields":[]},{"id":"KC_TRNS","fields":[]},{"id":"KC_TRNS","fields":[]},{"id":"KC_TRNS","fields":[]},{"id":"KC_TRNS","fields":[]},{"id":"KC_TRNS","fields":[]},{"id":"KC_TRNS","fields":[]},{"id":"KC_TRNS","fields":[]},{"id":"KC_TRNS","fields":[]}]},{"id":74,"legend":"gui","state":{"x":2.25,"y":5,"r":0,"rx":0,"ry":0,"w":1.25,"h":1,"x2":0,"y2":0,"w2":0,"h2":0},"row":5,"col":2,"keycodes":[{"id":"MO()","fields":[1]},{"id":"KC_TRNS","fields":[]},{"id":"KC_TRNS","fields":[]},{"id":"KC_TRNS","fields":[]},{"id":"KC_TRNS","fields":[]},{"id":"KC_TRNS","fields":[]},{"id":"KC_TRNS","fields":[]},{"id":"KC_TRNS","fields":[]},{"id":"KC_TRNS","fields":[]},{"id":"KC_TRNS","fields":[]},{"id":"KC_TRNS","fields":[]},{"id":"KC_TRNS","fields":[]},{"id":"KC_TRNS","fields":[]},{"id":"KC_TRNS","fields":[]},{"id":"KC_TRNS","fields":[]},{"id":"KC_TRNS","fields":[]}]},{"id":75,"legend":"fn","state":{"x":3.5,"y":5,"r":0,"rx":0,"ry":0,"w":1.25,"h":1,"x2":0,"y2":0,"w2":0,"h2":0},"row":5,"col":3,"keycodes":[{"id":"KC_LGUI","fields":[]},{"id":"KC_TRNS","fields":[]},{"id":"KC_TRNS","fields":[]},{"id":"KC_TRNS","fields":[]},{"id":"KC_TRNS","fields":[]},{"id":"KC_TRNS","fields":[]},{"id":"KC_TRNS","fields":[]},{"id":"KC_TRNS","fields":[]},{"id":"KC_TRNS","fields":[]},{"id":"KC_TRNS","fields":[]},{"id":"KC_TRNS","fields":[]},{"id":"KC_TRNS","fields":[]},{"id":"KC_TRNS","fields":[]},{"id":"KC_TRNS","fields":[]},{"id":"KC_TRNS","fields":[]},{"id":"KC_TRNS","fields":[]}]},{"id":76,"legend":"alt","state":{"x":4.75,"y":5,"r":0,"rx":0,"ry":0,"w":1.25,"h":1,"x2":0,"y2":0,"w2":0,"h2":0},"row":5,"col":4,"keycodes":[{"id":"KC_LALT","fields":[]},{"id":"KC_TRNS","fields":[]},{"id":"KC_TRNS","fields":[]},{"id":"KC_TRNS","fields":[]},{"id":"KC_TRNS","fields":[]},{"id":"KC_TRNS","fields":[]},{"id":"KC_TRNS","fields":[]},{"id":"KC_TRNS","fields":[]},{"id":"KC_TRNS","fields":[]},{"id":"KC_TRNS","fields":[]},{"id":"KC_TRNS","fields":[]},{"id":"KC_TRNS","fields":[]},{"id":"KC_TRNS","fields":[]},{"id":"KC_TRNS","fields":[]},{"id":"KC_TRNS","fields":[]},{"id":"KC_TRNS","fields":[]}]},{"id":77,"legend":"","state":{"x":6,"y":5,"r":0,"rx":0,"ry":0,"w":2,"h":1,"x2":0,"y2":0,"w2":0,"h2":0,"a":7},"row":5,"col":5,"keycodes":[{"id":"KC_SPC","fields":[]},{"id":"KC_TRNS","fields":[]},{"id":"KC_TRNS","fields":[]},{"id":"KC_TRNS","fields":[]},{"id":"KC_TRNS","fields":[]},{"id":"KC_TRNS","fields":[]},{"id":"KC_TRNS","fields":[]},{"id":"KC_TRNS","fields":[]},{"id":"KC_TRNS","fields":[]},{"id":"KC_TRNS","fields":[]},{"id":"KC_TRNS","fields":[]},{"id":"KC_TRNS","fields":[]},{"id":"KC_TRNS","fields":[]},{"id":"KC_TRNS","fields":[]},{"id":"KC_TRNS","fields":[]},{"id":"KC_TRNS","fields":[]}]},{"id":78,"legend":"","state":{"x":8,"y":5,"r":0,"rx":0,"ry":0,"w":2,"h":1,"x2":0,"y2":0,"w2":0,"h2":0,"a":7},"row":5,"col":7,"keycodes":[{"id":"KC_SPC","fields":[]},{"id":"KC_TRNS","fields":[]},{"id":"KC_TRNS","fields":[]},{"id":"KC_TRNS","fields":[]},{"id":"KC_TRNS","fields":[]},{"id":"KC_TRNS","fields":[]},{"id":"KC_TRNS","fields":[]},{"id":"KC_TRNS","fields":[]},{"id":"KC_TRNS","fields":[]},{"id":"KC_TRNS","fields":[]},{"id":"KC_TRNS","fields":[]},{"id":"KC_TRNS","fields":[]},{"id":"KC_TRNS","fields":[]},{"id":"KC_TRNS","fields":[]},{"id":"KC_TRNS","fields":[]},{"id":"KC_TRNS","fields":[]}]},{"id":79,"legend":"alt","state":{"x":10,"y":5,"r":0,"rx":0,"ry":0,"w":1,"h":1,"x2":0,"y2":0,"w2":0,"h2":0,"a":4},"row":5,"col":9,"keycodes":[{"id":"KC_RALT","fields":[]},{"id":"KC_TRNS","fields":[]},{"id":"KC_TRNS","fields":[]},{"id":"KC_TRNS","fields":[]},{"id":"KC_TRNS","fields":[]},{"id":"KC_TRNS","fields":[]},{"id":"KC_TRNS","fields":[]},{"id":"KC_TRNS","fields":[]},{"id":"KC_TRNS","fields":[]},{"id":"KC_TRNS","fields":[]},{"id":"KC_TRNS","fields":[]},{"id":"KC_TRNS","fields":[]},{"id":"KC_TRNS","fields":[]},{"id":"KC_TRNS","fields":[]},{"id":"KC_TRNS","fields":[]},{"id":"KC_TRNS","fields":[]}]},{"id":80,"legend":"fn","state":{"x":11,"y":5,"r":0,"rx":0,"ry":0,"w":1,"h":1,"x2":0,"y2":0,"w2":0,"h2":0,"a":4},"row":5,"col":10,"keycodes":[{"id":"KC_RGUI","fields":[]},{"id":"KC_TRNS","fields":[]},{"id":"KC_TRNS","fields":[]},{"id":"KC_TRNS","fields":[]},{"id":"KC_TRNS","fields":[]},{"id":"KC_TRNS","fields":[]},{"id":"KC_TRNS","fields":[]},{"id":"KC_TRNS","fields":[]},{"id":"KC_TRNS","fields":[]},{"id":"KC_TRNS","fields":[]},{"id":"KC_TRNS","fields":[]},{"id":"KC_TRNS","fields":[]},{"id":"KC_TRNS","fields":[]},{"id":"KC_TRNS","fields":[]},{"id":"KC_TRNS","fields":[]},{"id":"KC_TRNS","fields":[]}]},{"id":81,"legend":"left","state":{"x":12,"y":5,"r":0,"rx":0,"ry":0,"w":1,"h":1,"x2":0,"y2":0,"w2":0,"h2":0,"a":4},"row":5,"col":11,"keycodes":[{"id":"KC_LEFT","fields":[]},{"id":"KC_TRNS","fields":[]},{"id":"KC_TRNS","fields":[]},{"id":"KC_TRNS","fields":[]},{"id":"KC_TRNS","fields":[]},{"id":"KC_TRNS","fields":[]},{"id":"KC_TRNS","fields":[]},{"id":"KC_TRNS","fields":[]},{"id":"KC_TRNS","fields":[]},{"id":"KC_TRNS","fields":[]},{"id":"KC_TRNS","fields":[]},{"id":"KC_TRNS","fields":[]},{"id":"KC_TRNS","fields":[]},{"id":"KC_TRNS","fields":[]},{"id":"KC_TRNS","fields":[]},{"id":"KC_TRNS","fields":[]}]},{"id":82,"legend":"down","state":{"x":13,"y":5,"r":0,"rx":0,"ry":0,"w":1,"h":1,"x2":0,"y2":0,"w2":0,"h2":0,"a":4},"row":5,"col":12,"keycodes":[{"id":"KC_DOWN","fields":[]},{"id":"KC_TRNS","fields":[]},{"id":"KC_TRNS","fields":[]},{"id":"KC_TRNS","fields":[]},{"id":"KC_TRNS","fields":[]},{"id":"KC_TRNS","fields":[]},{"id":"KC_TRNS","fields":[]},{"id":"KC_TRNS","fields":[]},{"id":"KC_TRNS","fields":[]},{"id":"KC_TRNS","fields":[]},{"id":"KC_TRNS","fields":[]},{"id":"KC_TRNS","fields":[]},{"id":"KC_TRNS","fields":[]},{"id":"KC_TRNS","fields":[]},{"id":"KC_TRNS","fields":[]},{"id":"KC_TRNS","fields":[]}]},{"id":83,"legend":"right","state":{"x":14,"y":5,"r":0,"rx":0,"ry":0,"w":1,"h":1,"x2":0,"y2":0,"w2":0,"h2":0,"a":4},"row":5,"col":13,"keycodes":[{"id":"KC_RGHT","fields":[]},{"id":"KC_TRNS","fields":[]},{"id":"KC_TRNS","fields":[]},{"id":"KC_TRNS","fields":[]},{"id":"KC_TRNS","fields":[]},{"id":"KC_TRNS","fields":[]},{"id":"KC_TRNS","fields":[]},{"id":"KC_TRNS","fields":[]},{"id":"KC_TRNS","fields":[]},{"id":"KC_TRNS","fields":[]},{"id":"KC_TRNS","fields":[]},{"id":"KC_TRNS","fields":[]},{"id":"KC_TRNS","fields":[]},{"id":"KC_TRNS","fields":[]},{"id":"KC_TRNS","fields":[]},{"id":"KC_TRNS","fields":[]}]},{"id":84,"legend":"ctrl","state":{"x":15,"y":5,"r":0,"rx":0,"ry":0,"w":1,"h":1,"x2":0,"y2":0,"w2":0,"h2":0,"a":4},"row":5,"col":14,"keycodes":[{"id":"KC_RCTL","fields":[]},{"id":"KC_TRNS","fields":[]},{"id":"KC_TRNS","fields":[]},{"id":"KC_TRNS","fields":[]},{"id":"KC_TRNS","fields":[]},{"id":"KC_TRNS","fields":[]},{"id":"KC_TRNS","fields":[]},{"id":"KC_TRNS","fields":[]},{"id":"KC_TRNS","fields":[]},{"id":"KC_TRNS","fields":[]},{"id":"KC_TRNS","fields":[]},{"id":"KC_TRNS","fields":[]},{"id":"KC_TRNS","fields":[]},{"id":"KC_TRNS","fields":[]},{"id":"KC_TRNS","fields":[]},{"id":"KC_TRNS","fields":[]}]}],"controller":1,"bounds":{"min":{"x":0,"y":0},"max":{"x":16,"y":6}},"rows":6,"cols":15,"pins":{"row":["F5","F6","F7","B1","B3","B2"],"col":["F4","D1","D0","D4","C6","D7","E6","B4","B5","B7","D5","C7","F1","F0","B6"],"num":null,"caps":null,"scroll":null,"compose":null,"kana":null,"led":null,"rgb":null},"macros":{},"quantum":"void matrix_init_user(void) {\n}\n\nvoid matrix_scan_user(void) {\n}\n\nbool process_record_user(uint16_t keycode, keyrecord_t *record) {\n\treturn true;\n}","settings":{"diodeDirection":0,"name":"Default","bootloaderSize":2,"rgbNum":0,"backlightLevels":0}}}