Comment,Designator,Footprint,LCSC
D,"Da1,Db1,Da2,Db2,Da3,Db3,Da4,Db4,Da5,Db5,Da6,Db6,Da7,Db7,Da8,Db8,Da9,Db9,Da10,Db10,Da11,Db11,Da12,Db12,Da13,Da14,Db13,Dc3,Dc4,Dc5,Dc6,Dc7,Dc8,Dc9,Dc10,Dc11,Dc12,Dc13,Dc14,Dc1,Dd3,Dd4,Dd5,Dd6,Dd7,Dd8,Dd9,Dd10,Dd11,Dd12,Dd1,De3,De4,De5,De6,De7,De8,De9,De10,De11,De12,De1,Dd13,De13,Df9,Df10,Df11,Df12,Df13,Df14,Df7,Df5,Df15,Df1,Df3,Df4,Dc15,Dd15,De15,Dc2,Dd2,De2,Df2,Da15,Db15",Keebio-Parts:Diode-dual,C2128
2N7002,Q1,Package_TO_SOT_SMD:SOT-23,C8545
100k,R2,Keebio-Parts:Resistor-Hybrid,C17407
R,"Ra15,Ra1,Ra2,Ra3,Ra4,Ra5,Ra6,Ra7,Ra8,Ra9,Ra10,Ra11,Ra12,Ra13,Ra14,Rb15,Rb1,Rb2,Rb3,Rb4,Rb5,Rb6,Rb7,Rb8,Rb9,Rb10,Rb11,Rb12,Rb13,Rc15,Rc1,Rc2,Rc3,Rc4,Rc5,Rc6,Rc7,Rc8,Rc9,Rc10,Rc11,Rc12,Rc13,Rc14,Rd13,Rd12,Rd11,Rd10,Rd9,Rd8,Rd7,Rd6,Rd5,Rd4,Rd3,Rd2,Rd1,Rd15,Re15,Re1,Re2,Re3,Re4,Re5,Re7,Re9,Re10,Re11,Re12,Re13,Rf15,Rf1,Rf2,Rf3,Rf4,Rf5,Re6,Rf7,Re8,Rf9,Rf10,Rf11,Rf12,Rf13,Rf14",Keebio-Parts:Resistor-Hybrid,C17710
SW_PUSH,SW_RST1,Keebio-Parts:SW_SPST_TL3342,C318884
100,R1,Keebio-Parts:Resistor-Hybrid,C17408
