Designator,Val,Package,Mid X,Mid Y,Rotation,Layer
Da1,D,Diode-dual,90.5,-57.15,90,bottom
Da2,D,Diode-dual,109.5,-57.25,90,bottom
Da3,D,Diode-dual,128.5,-57.25,90,bottom
Da4,D,Diode-dual,147.75,-57.25,90,bottom
Da5,D,Diode-dual,166.75,-57.15,90,bottom
Da6,D,Diode-dual,185.75,-57.15,90,bottom
Da7,D,Diode-dual,204.75,-57.1,90,bottom
Da8,D,Diode-dual,223.75,-57.25,90,bottom
Da9,D,Diode-dual,243,-57.25,90,bottom
Da10,D,Diode-dual,262,-57.25,90,bottom
Da11,D,Diode-dual,281,-57.25,90,bottom
Da12,D,Diode-dual,300,-57.35,90,bottom
Da13,D,Diode-dual,319,-57.5,90,bottom
Da14,D,Diode-dual,338,-57.4,90,bottom
Da15,D,Diode-dual,71.5,-57.15,90,bottom
Db1,D,Diode-dual,90.5,-76.25,90,bottom
Db2,D,Diode-dual,109.5,-76.15,90,bottom
Db3,D,Diode-dual,128.5,-76.25,90,bottom
Db4,D,Diode-dual,147.5,-76.25,90,bottom
Db5,D,Diode-dual,166.75,-76.35,90,bottom
Db6,D,Diode-dual,185.5,-76.25,90,bottom
Db7,D,Diode-dual,204.75,-76.25,90,bottom
Db8,D,Diode-dual,224,-76.25,90,bottom
Db9,D,Diode-dual,243,-76.1,90,bottom
Db10,D,Diode-dual,262,-76.25,90,bottom
Db11,D,Diode-dual,281,-76.25,90,bottom
Db12,D,Diode-dual,300,-76.25,90,bottom
Db13,D,Diode-dual,338,-76.25,90,bottom
Db15,D,Diode-dual,71.5,-76.25,90,bottom
Dc1,D,Diode-dual,90.5,-95.25,90,bottom
Dc2,D,Diode-dual,109.5,-95.25,90,bottom
Dc3,D,Diode-dual,128.5,-95.35,90,bottom
Dc4,D,Diode-dual,147.75,-95.25,90,bottom
Dc5,D,Diode-dual,166.75,-95.25,90,bottom
Dc6,D,Diode-dual,185.75,-95.35,90,bottom
Dc7,D,Diode-dual,205,-95.25,90,bottom
Dc8,D,Diode-dual,223.75,-95.25,90,bottom
Dc9,D,Diode-dual,243,-95.35,90,bottom
Dc10,D,Diode-dual,262.5,-95.25,90,bottom
Dc11,D,Diode-dual,281,-95.25,90,bottom
Dc12,D,Diode-dual,300,-95.25,90,bottom
Dc13,D,Diode-dual,319,-95.25,90,bottom
Dc14,D,Diode-dual,338,-95.25,90,bottom
Dc15,D,Diode-dual,52.5,-95.25,90,bottom
Dd1,D,Diode-dual,90.5,-114.35,90,bottom
Dd2,D,Diode-dual,109.5,-114.25,90,bottom
Dd3,D,Diode-dual,128.5,-114.25,90,bottom
Dd4,D,Diode-dual,147.5,-114.25,90,bottom
Dd5,D,Diode-dual,166.75,-114.25,90,bottom
Dd6,D,Diode-dual,185.75,-114.25,90,bottom
Dd7,D,Diode-dual,204.75,-114.35,90,bottom
Dd8,D,Diode-dual,223.75,-114.25,90,bottom
Dd9,D,Diode-dual,243,-114.1,90,bottom
Dd10,D,Diode-dual,262,-114.15,90,bottom
Dd11,D,Diode-dual,281,-114.35,90,bottom
Dd12,D,Diode-dual,300,-114.35,90,bottom
Dd13,D,Diode-dual,338,-114.25,90,bottom
Dd15,D,Diode-dual,52.5,-114.35,90,bottom
De1,D,Diode-dual,90.5,-133.5,90,bottom
De2,D,Diode-dual,109.5,-133.35,90,bottom
De3,D,Diode-dual,128.5,-133.35,90,bottom
De4,D,Diode-dual,147.5,-133.35,90,bottom
De5,D,Diode-dual,166.75,-133.25,90,bottom
De6,D,Diode-dual,185.75,-133.25,90,bottom
De7,D,Diode-dual,204.75,-133.5,90,bottom
De8,D,Diode-dual,223.75,-133.5,90,bottom
De9,D,Diode-dual,243,-133.35,90,bottom
De10,D,Diode-dual,262,-133.35,90,bottom
De11,D,Diode-dual,281,-133.5,90,bottom
De12,D,Diode-dual,300,-133.25,90,bottom
De13,D,Diode-dual,338,-133.35,90,bottom
De15,D,Diode-dual,52.5,-133.35,90,bottom
Df1,D,Diode-dual,76.25,-152.5,90,bottom
Df2,D,Diode-dual,100,-152.35,90,bottom
Df3,D,Diode-dual,123.75,-152.5,90,bottom
Df4,D,Diode-dual,147.75,-152.35,90,bottom
Df5,D,Diode-dual,185.75,-152.5,90,bottom
Df7,D,Diode-dual,223.75,-152.35,90,bottom
Df9,D,Diode-dual,243,-152.35,90,bottom
Df10,D,Diode-dual,262,-152.5,90,bottom
Df11,D,Diode-dual,281,-152.5,90,bottom
Df12,D,Diode-dual,300,-152.5,90,bottom
Df13,D,Diode-dual,319,-152.5,90,bottom
Df14,D,Diode-dual,338,-152.35,90,bottom
Df15,D,Diode-dual,52.5,-152.35,90,bottom
Q1,2N7002,SOT-23,88,-107,180,bottom
R1,100,Resistor-Hybrid,84.25,-101.75,0,bottom
R2,100,Resistor-Hybrid,84.25,-120.75,0,bottom
Ra1,R,Resistor-Hybrid,81,-47.75,180,bottom
Ra2,R,Resistor-Hybrid,100,-47.75,180,bottom
Ra3,R,Resistor-Hybrid,119,-47.75,180,bottom
Ra4,R,Resistor-Hybrid,138,-47.75,180,bottom
Ra5,R,Resistor-Hybrid,157.25,-47.75,180,bottom
Ra6,R,Resistor-Hybrid,176.25,-47.75,180,bottom
Ra7,R,Resistor-Hybrid,195.25,-47.75,180,bottom
Ra8,R,Resistor-Hybrid,214.25,-47.75,180,bottom
Ra9,R,Resistor-Hybrid,233.5,-47.75,180,bottom
Ra10,R,Resistor-Hybrid,252.5,-47.75,180,bottom
Ra11,R,Resistor-Hybrid,271.5,-47.75,180,bottom
Ra12,R,Resistor-Hybrid,290.6,-47.75,180,bottom
Ra13,R,Resistor-Hybrid,309.5,-47.5,180,bottom
Ra14,R,Resistor-Hybrid,328.75,-47.75,180,bottom
Ra15,R,Resistor-Hybrid,62,-47.75,180,bottom
Rb1,R,Resistor-Hybrid,81,-66.75,180,bottom
Rb2,R,Resistor-Hybrid,100,-66.75,180,bottom
Rb3,R,Resistor-Hybrid,119,-66.75,180,bottom
Rb4,R,Resistor-Hybrid,138.25,-66.75,180,bottom
Rb5,R,Resistor-Hybrid,157.1,-66.75,180,bottom
Rb6,R,Resistor-Hybrid,176.25,-66.75,180,bottom
Rb7,R,Resistor-Hybrid,195.25,-66.75,180,bottom
Rb8,R,Resistor-Hybrid,214.25,-66.75,180,bottom
Rb9,R,Resistor-Hybrid,233.25,-66.75,180,bottom
Rb10,R,Resistor-Hybrid,252.5,-66.75,180,bottom
Rb11,R,Resistor-Hybrid,271.5,-66.75,180,bottom
Rb12,R,Resistor-Hybrid,290.5,-66.75,180,bottom
Rb13,R,Resistor-Hybrid,319,-66.75,180,bottom
Rb15,R,Resistor-Hybrid,62,-66.75,180,bottom
Rc1,R,Resistor-Hybrid,71.5,-85.75,180,bottom
Rc2,R,Resistor-Hybrid,100,-85.75,180,bottom
Rc3,R,Resistor-Hybrid,119,-85.75,180,bottom
Rc4,R,Resistor-Hybrid,138.25,-85.75,180,bottom
Rc5,R,Resistor-Hybrid,157.25,-85.75,180,bottom
Rc6,R,Resistor-Hybrid,176.25,-85.75,180,bottom
Rc7,R,Resistor-Hybrid,195.25,-85.75,180,bottom
Rc8,R,Resistor-Hybrid,214.25,-85.75,180,bottom
Rc9,R,Resistor-Hybrid,233.25,-85.75,180,bottom
Rc10,R,Resistor-Hybrid,252.5,-85.75,180,bottom
Rc11,R,Resistor-Hybrid,271.5,-85.75,180,bottom
Rc12,R,Resistor-Hybrid,290.5,-85.75,180,bottom
Rc13,R,Resistor-Hybrid,309.5,-85.75,180,bottom
Rc14,R,Resistor-Hybrid,328.5,-85.75,180,bottom
Rc15,R,Resistor-Hybrid,42.75,-85.75,180,bottom
Rd1,R,Resistor-Hybrid,71.5,-104.75,180,bottom
Rd2,R,Resistor-Hybrid,100,-104.75,180,bottom
Rd3,R,Resistor-Hybrid,119,-104.75,180,bottom
Rd4,R,Resistor-Hybrid,137.9,-104.75,180,bottom
Rd5,R,Resistor-Hybrid,157.25,-104.75,180,bottom
Rd6,R,Resistor-Hybrid,176.25,-104.75,180,bottom
Rd7,R,Resistor-Hybrid,195.25,-104.75,180,bottom
Rd8,R,Resistor-Hybrid,214.25,-104.75,180,bottom
Rd9,R,Resistor-Hybrid,233.25,-104.75,180,bottom
Rd10,R,Resistor-Hybrid,252.5,-104.75,180,bottom
Rd11,R,Resistor-Hybrid,271.5,-104.75,180,bottom
Rd12,R,Resistor-Hybrid,290.5,-104.75,180,bottom
Rd13,R,Resistor-Hybrid,319,-104.75,180,bottom
Rd15,R,Resistor-Hybrid,42.75,-104.75,180,bottom
Re1,R,Resistor-Hybrid,71.5,-123.75,180,bottom
Re2,R,Resistor-Hybrid,100,-123.75,180,bottom
Re3,R,Resistor-Hybrid,119,-123.75,180,bottom
Re4,R,Resistor-Hybrid,138,-123.75,180,bottom
Re5,R,Resistor-Hybrid,157.25,-123.75,180,bottom
Re6,R,Resistor-Hybrid,176.25,-123.75,180,bottom
Re7,R,Resistor-Hybrid,195.25,-123.75,180,bottom
Re8,R,Resistor-Hybrid,214.25,-123.75,180,bottom
Re9,R,Resistor-Hybrid,233.25,-123.75,180,bottom
Re10,R,Resistor-Hybrid,252.5,-123.75,180,bottom
Re11,R,Resistor-Hybrid,271.5,-123.75,180,bottom
Re12,R,Resistor-Hybrid,290.5,-123.75,180,bottom
Re13,R,Resistor-Hybrid,319.25,-123.75,180,bottom
Re15,R,Resistor-Hybrid,43,-124,180,bottom
Rf1,R,Resistor-Hybrid,64.25,-143,180,bottom
Rf2,R,Resistor-Hybrid,88,-143,180,bottom
Rf3,R,Resistor-Hybrid,112,-143,180,bottom
Rf4,R,Resistor-Hybrid,135.75,-143,180,bottom
Rf5,R,Resistor-Hybrid,166.75,-142.75,180,bottom
Rf7,R,Resistor-Hybrid,204.75,-143,180,bottom
Rf9,R,Resistor-Hybrid,233.25,-143,180,bottom
Rf10,R,Resistor-Hybrid,252.5,-143,180,bottom
Rf11,R,Resistor-Hybrid,271.5,-143,180,bottom
Rf12,R,Resistor-Hybrid,290.5,-143,180,bottom
Rf13,R,Resistor-Hybrid,309.5,-143,180,bottom
Rf14,R,Resistor-Hybrid,328.75,-143,180,bottom
Rf15,R,Resistor-Hybrid,42.75,-143,180,bottom
SW_RST1,SW_PUSH,SW_SPST_TL3342,59.25,-101.75,180,bottom
